{"title":"1. Observation of Interstellar Medium (ISM) and Molecular Clouds","markdown":{"headingText":"1. Observation of Interstellar Medium (ISM) and Molecular Clouds","containsRefs":false,"markdown":"\n- **Data Reduction and Noise Filtering**: ML algorithms enhance observational data quality by reducing noise and improving the signal-to-noise ratio in data from radio, infrared, and optical telescopes.\n  - **Reference**: Samuel, H. S., Etim, E. E., Shinggu, J. P., & Bako, B. (2023). Machine learning of Rotational spectra analysis in interstellar medium. *Communication in Physical Sciences*, 10(1), 172-203. [3]\n\n- **Feature Extraction**: DL models, such as convolutional neural networks (CNNs), identify and classify structures within the ISM and molecular clouds, such as filaments and cores.\n  - **Reference**: Samuel, H. S., Etim, E. E., Shinggu, J. P., & Bako, B. (2023). Machine learning of Rotational spectra analysis in interstellar medium. *Communication in Physical Sciences*, 10(1), 172-203. [3]\n\n- **Anomaly Detection**: ML techniques detect unusual features or events within the ISM, potentially indicating new astrophysical phenomena.\n  - **Reference**: Samuel, H. S., Etim, E. E., Shinggu, J. P., & Bako, B. (2023). Machine learning of Rotational spectra analysis in interstellar medium. *Communication in Physical Sciences*, 10(1), 172-203. [3]\n\n### 2. High-Mass Star Formation\n- **Data Analysis**: ML models analyze large datasets from observatories to identify regions of high-mass star formation by detecting specific spectral lines and emission features.\n  - **Reference**: Surana, S., Wadadekar, Y., Bait, O., & Bhosale, H. (2020). Predicting star formation properties of galaxies using deep learning. *Monthly Notices of the Royal Astronomical Society*, 493(4), 4808-4815. [2]\n\n- **Pattern Recognition**: DL algorithms identify patterns and correlations in the spatial and temporal distribution of high-mass star-forming regions, helping to understand the underlying physical processes.\n  - **Reference**: Surana, S., Wadadekar, Y., Bait, O., & Bhosale, H. (2020). Predicting star formation properties of galaxies using deep learning. *Monthly Notices of the Royal Astronomical Society*, 493(4), 4808-4815. [2]\n\n- **Predictive Modeling**: ML models predict the future evolution of star-forming regions based on current observations.\n  - **Reference**: Surana, S., Wadadekar, Y., Bait, O., & Bhosale, H. (2020). Predicting star formation properties of galaxies using deep learning. *Monthly Notices of the Royal Astronomical Society*, 493(4), 4808-4815. [2]\n\n### 3. Simulation of High-Mass Star Formation\n- **Accelerated Simulations**: ML techniques, such as generative adversarial networks (GANs), enhance the efficiency of high-mass star formation simulations by generating high-fidelity results from lower-resolution inputs.\n  - **Reference**: Bonjean, V., Aghanim, N., Salomé, P., Beelen, A., Douspis, M., & Soubrié, E. (2019). Star formation rates and stellar masses from machine learning. *Astronomy & Astrophysics*, 621, A51. [5]\n\n- **Parameter Space Exploration**: ML models explore the vast parameter space of star formation simulations to identify optimal conditions and initial configurations for high-mass star formation.\n  - **Reference**: Bonjean, V., Aghanim, N., Salomé, P., Beelen, A., Douspis, M., & Soubrié, E. (2019). Star formation rates and stellar masses from machine learning. *Astronomy & Astrophysics*, 621, A51. [5]\n\n### 4. Astrochemistry\n- **Chemical Abundance Mapping**: ML models analyze spectral data to map the distribution of various molecules within molecular clouds and other astrophysical environments.\n  - **Reference**: Xue, B.-X., Barbatti, M., & Dral, P. (2020). Machine learning for absorption cross sections. *Journal of Physical Chemistry A*, 124(35), 7199-7210. [4]\n\n- **Reaction Network Analysis**: DL helps in understanding complex chemical networks by identifying key reactions and pathways in the formation and destruction of molecules in space.\n  - **Reference**: Villadsen, T., Ligterink, N. F. W., & Andersen, M. (2022). Predicting binding energies of astrochemically relevant molecules via machine learning. *Astronomy & Astrophysics*, 666, A45. [4]\n\n- **Anomaly Detection**: ML algorithms identify unusual chemical compositions or rare molecules, providing insights into unique astrochemical processes.\n  - **Reference**: Lee, K. L. K., Patterson, J., Burkhardt, A. M., Vankayalapati, V., & McCarthy, M. C. (2021). Machine learning of interstellar chemical inventories. *Astrophysical Journal Letters*, 917(1), L6. [4]\n\n### 5. Stellar Feedback\n- **Simulation and Modeling**: DL accelerates simulations of stellar feedback processes, such as supernova explosions and stellar winds, by learning from high-resolution simulations and predicting outcomes for new scenarios.\n  - **Reference**: Surana, S., Wadadekar, Y., Bait, O., & Bhosale, H. (2020). Predicting star formation properties of galaxies using deep learning. *Monthly Notices of the Royal Astronomical Society*, 493(4), 4808-4815. [2]\n\n- **Impact Analysis**: ML techniques assess the impact of stellar feedback on surrounding ISM and star formation by analyzing observational data and simulation outputs.\n  - **Reference**: Surana, S., Wadadekar, Y., Bait, O., & Bhosale, H. (2020). Predicting star formation properties of galaxies using deep learning. *Monthly Notices of the Royal Astronomical Society*, 493(4), 4808-4815. [2]\n\n### 6. Galaxy Formation\n- **Morphological Classification**: CNNs classify galaxies based on their shapes and structures from large-scale survey images, aiding in the study of galaxy formation and evolution.\n  - **Reference**: Bonjean, V., Aghanim, N., Salomé, P., Beelen, A., Douspis, M., & Soubrié, E. (2019). Star formation rates and stellar masses from machine learning. *Astronomy & Astrophysics*, 621, A51. [5]\n\n- **Merger Detection**: ML algorithms detect galaxy mergers and interactions in observational data and simulations, which are crucial for understanding galaxy formation processes.\n  - **Reference**: Bonjean, V., Aghanim, N., Salomé, P., Beelen, A., Douspis, M., & Soubrié, E. (2019). Star formation rates and stellar masses from machine learning. *Astronomy & Astrophysics*, 621, A51. [5]\n\n- **Predictive Modeling**: DL models predict the future evolution of galaxies based on current observations and simulations, helping to test theories of galaxy formation.\n  - **Reference**: Bonjean, V., Aghanim, N., Salomé, P., Beelen, A., Douspis, M., & Soubrié, E. (2019). Star formation rates and stellar masses from machine learning. *Astronomy & Astrophysics*, 621, A51. [5]\n","srcMarkdownNoYaml":""},"formats":{"html":{"identifier":{"display-name":"HTML","target-format":"html","base-format":"html"},"execute":{"fig-width":7,"fig-height":5,"fig-format":"retina","fig-dpi":96,"df-print":"default","error":false,"eval":true,"cache":null,"freeze":false,"echo":true,"output":true,"warning":true,"include":true,"keep-md":false,"keep-ipynb":false,"ipynb":null,"enabled":null,"daemon":null,"daemon-restart":false,"debug":false,"ipynb-filters":[],"ipynb-shell-interactivity":null,"plotly-connected":true,"engine":"markdown"},"render":{"keep-tex":false,"keep-typ":false,"keep-source":false,"keep-hidden":false,"prefer-html":false,"output-divs":true,"output-ext":"html","fig-align":"default","fig-pos":null,"fig-env":null,"code-fold":"none","code-overflow":"scroll","code-link":false,"code-line-numbers":false,"code-tools":false,"tbl-colwidths":"auto","merge-includes":true,"inline-includes":false,"preserve-yaml":false,"latex-auto-mk":true,"latex-auto-install":true,"latex-clean":true,"latex-min-runs":1,"latex-max-runs":10,"latex-makeindex":"makeindex","latex-makeindex-opts":[],"latex-tlmgr-opts":[],"latex-input-paths":[],"latex-output-dir":null,"link-external-icon":false,"link-external-newwindow":false,"self-contained-math":false,"format-resources":[],"notebook-links":true},"pandoc":{"standalone":true,"wrap":"none","default-image-extension":"png","to":"html","css":["styles.css"],"toc":true,"output-file":"about.html"},"language":{"toc-title-document":"Table of contents","toc-title-website":"On this page","related-formats-title":"Other Formats","related-notebooks-title":"Notebooks","source-notebooks-prefix":"Source","other-links-title":"Other Links","code-links-title":"Code Links","launch-dev-container-title":"Launch Dev Container","launch-binder-title":"Launch Binder","article-notebook-label":"Article Notebook","notebook-preview-download":"Download Notebook","notebook-preview-download-src":"Download Source","notebook-preview-back":"Back to Article","manuscript-meca-bundle":"MECA Bundle","section-title-abstract":"Abstract","section-title-appendices":"Appendices","section-title-footnotes":"Footnotes","section-title-references":"References","section-title-reuse":"Reuse","section-title-copyright":"Copyright","section-title-citation":"Citation","appendix-attribution-cite-as":"For attribution, please cite this work as:","appendix-attribution-bibtex":"BibTeX citation:","title-block-author-single":"Author","title-block-author-plural":"Authors","title-block-affiliation-single":"Affiliation","title-block-affiliation-plural":"Affiliations","title-block-published":"Published","title-block-modified":"Modified","title-block-keywords":"Keywords","callout-tip-title":"Tip","callout-note-title":"Note","callout-warning-title":"Warning","callout-important-title":"Important","callout-caution-title":"Caution","code-summary":"Code","code-tools-menu-caption":"Code","code-tools-show-all-code":"Show All Code","code-tools-hide-all-code":"Hide All Code","code-tools-view-source":"View Source","code-tools-source-code":"Source Code","tools-share":"Share","tools-download":"Download","code-line":"Line","code-lines":"Lines","copy-button-tooltip":"Copy to Clipboard","copy-button-tooltip-success":"Copied!","repo-action-links-edit":"Edit this page","repo-action-links-source":"View source","repo-action-links-issue":"Report an issue","back-to-top":"Back to top","search-no-results-text":"No results","search-matching-documents-text":"matching documents","search-copy-link-title":"Copy link to search","search-hide-matches-text":"Hide additional matches","search-more-match-text":"more match in this document","search-more-matches-text":"more matches in this document","search-clear-button-title":"Clear","search-text-placeholder":"","search-detached-cancel-button-title":"Cancel","search-submit-button-title":"Submit","search-label":"Search","toggle-section":"Toggle section","toggle-sidebar":"Toggle sidebar navigation","toggle-dark-mode":"Toggle dark mode","toggle-reader-mode":"Toggle reader mode","toggle-navigation":"Toggle navigation","crossref-fig-title":"Figure","crossref-tbl-title":"Table","crossref-lst-title":"Listing","crossref-thm-title":"Theorem","crossref-lem-title":"Lemma","crossref-cor-title":"Corollary","crossref-prp-title":"Proposition","crossref-cnj-title":"Conjecture","crossref-def-title":"Definition","crossref-exm-title":"Example","crossref-exr-title":"Exercise","crossref-ch-prefix":"Chapter","crossref-apx-prefix":"Appendix","crossref-sec-prefix":"Section","crossref-eq-prefix":"Equation","crossref-lof-title":"List of Figures","crossref-lot-title":"List of Tables","crossref-lol-title":"List of Listings","environment-proof-title":"Proof","environment-remark-title":"Remark","environment-solution-title":"Solution","listing-page-order-by":"Order By","listing-page-order-by-default":"Default","listing-page-order-by-date-asc":"Oldest","listing-page-order-by-date-desc":"Newest","listing-page-order-by-number-desc":"High to Low","listing-page-order-by-number-asc":"Low to High","listing-page-field-date":"Date","listing-page-field-title":"Title","listing-page-field-description":"Description","listing-page-field-author":"Author","listing-page-field-filename":"File Name","listing-page-field-filemodified":"Modified","listing-page-field-subtitle":"Subtitle","listing-page-field-readingtime":"Reading Time","listing-page-field-wordcount":"Word Count","listing-page-field-categories":"Categories","listing-page-minutes-compact":"{0} min","listing-page-category-all":"All","listing-page-no-matches":"No matching items","listing-page-words":"{0} words"},"metadata":{"lang":"en","fig-responsive":true,"quarto-version":"1.4.553","editor":"visual","theme":"cosmo"},"extensions":{"book":{"multiFile":true}}}},"projectFormats":["html"]}