{"title":"Machine learning (ML)","markdown":{"headingText":"Machine learning (ML)","containsRefs":false,"markdown":"\nMachine learning (ML) is a subset of artificial intelligence (AI) that enables machines to learn from experience and act automatically. ML algorithms can be broadly classified into three categories: supervised learning, unsupervised learning, and reinforcement learning.\n\n### Supervised Learning\n\nSupervised learning involves training ML algorithms on labeled datasets where both input and output parameters are known. The goal is to develop a regression or classification model that can be used on new datasets to generate predictions or draw conclusions. Supervised learning algorithms learn to map input features to output labels, allowing them to make predictions or classifications on new, unseen data.\n\nExamples of supervised learning algorithms include:\n\n1. **Linear Regression**: A simple algorithm used to map the linear relationship between input features and a continuous target variable.\n2. **Logistic Regression**: An extension of linear regression used for classification tasks to estimate the likelihood that an instance belongs to a specific class.\n3. **Support Vector Machines (SVMs)**: Supervised learning algorithms that can perform classification and regression tasks by finding a hyperplane that best separates classes in feature space.\n4. **K-Nearest Neighbors (KNN)**: A non-parametric technique used for classification as well as regression by identifying the k most similar data points to a new data point and predicting the label of the new data point using the labels of those data points.\n5. **Decision Trees**: A type of supervised learning technique used for classification as well as regression by segmenting the data into smaller and smaller groups until each group can be classified or predicted with high degree of accuracy.\n6. **Random Forest**: An ensemble learning method that employs a set of decision trees to make predictions by aggregating predictions from individual trees.\n7. **Naive Bayes**: A probabilistic classifier based on Bayes’ theorem used for classification tasks by assuming that the features of a data point are independent of each other.\n\n### Unsupervised Learning\n\nUnsupervised learning involves training ML algorithms on unlabeled datasets where the data has yet to be categorized or labeled. The ML system itself learns to classify and process unlabeled data to learn from its inherent structure.\n\nExamples of unsupervised learning algorithms include:\n\n1. **Clustering Algorithms**: Techniques used to group similar data points into clusters based on their features.\n2. **Association Rule Learning Algorithms**: Methods used to discover patterns and relationships between variables in the data.\n3. **Principal Component Analysis (PCA)**: A dimensionality reduction technique used to transform data into a lower-dimensional space while retaining as much variance as possible.\n\n### Reinforcement Learning\n\nReinforcement learning involves training ML algorithms through ongoing interactions between an AI system and its environment. Algorithms receive numerical scores as rewards for generating decisions and outcomes, reinforcing positive interactions and behaviors over time.\n\nExamples of reinforcement learning algorithms include:\n\n1. **Markov Decision Processes (MDPs)**: Model-based methods used to solve sequential decision-making problems.\n2. **Q-Learning**: A model-free method used to learn the value function of an action in a given state.\n3. **SARSA**: Another model-free method used to learn the value function of an action in a given state.\n4. **REINFORCE Algorithm**: A policy-based method used to learn the policy of an agent in a given environment.\n5. **Actor-Critic Algorithm**: A hybrid method used to learn both the policy and the value function of an agent in a given environment.\n\n\n## Introduction Deep learning (DL) \n\nDeep learning (DL) is a powerful subset of machine learning techniques that are inspired by the structure and function of the brain's neural networks. At the core of deep learning are artificial neural networks (ANNs), which are computational models composed of interconnected nodes called neurons. These neurons are organized into layers, allowing the network to learn hierarchical representations of data through a process called training.\n\nANNs are the fundamental building blocks of deep learning models. They consist of the following key components:\n\n### Layers\n\n- **Input Layer**: This layer receives the input data, such as an image or a text sequence.\n- **Hidden Layers**: These are the intermediate layers that transform the input data into increasingly abstract representations. The depth of a neural network refers to the number of hidden layers it has.\n- **Output Layer**: This layer produces the final output, such as a classification or a prediction.\n\n### Neurons and Activation Functions\n\nEach layer in an ANN is composed of neurons, which are the basic computational units. Neurons receive input from the previous layer, perform a weighted sum of these inputs, and apply an activation function to produce an output that is passed to the next layer.\n\nCommon activation functions include:\n\n- **Sigmoid**: $$\\sigma(x) = \\frac{1}{1 + e^{-x}}$$ [1]\n- **Rectified Linear Unit (ReLU)**: $$f(x) = \\max(0, x)$$ [1]\n- **Hyperbolic Tangent (Tanh)**: $$\\tanh(x) = \\frac{e^x - e^{-x}}{e^x + e^{-x}}$$ [1]\n\n### Training Neural Networks\n\nTraining an ANN involves the following key processes:\n\n1. **Forward Propagation**: Input data is passed through the network, and the output is computed.\n2. **Loss Function**: A loss function measures the difference between the predicted output and the true target value. Common loss functions include Mean Squared Error (MSE) for regression tasks and Cross-Entropy Loss for classification tasks.\n3. **Backpropagation**: The gradients of the loss function with respect to the weights are computed using the chain rule of calculus. This process is called backpropagation.\n4. **Optimization**: The weights of the network are updated using an optimization algorithm, such as Gradient Descent, to minimize the loss function. Popular variants of Gradient Descent include Stochastic Gradient Descent (SGD), Mini-batch Gradient Descent, Adam, and RMSprop.\n\n## Applications of Deep Learning\n\nDeep learning has revolutionized various fields by providing state-of-the-art performance in numerous applications, including:\n\n- **Computer Vision**: Image classification, object detection, image segmentation (e.g., using Convolutional Neural Networks (CNNs)).\n- **Natural Language Processing (NLP)**: Language translation, sentiment analysis, text generation (e.g., using Recurrent Neural Networks (RNNs) and Transformers).\n- **Speech Recognition**: Voice assistants, automated transcription.\n- **Healthcare**: Disease diagnosis from medical images, personalized treatment recommendations.\n- **Autonomous Vehicles**: Perception and decision-making systems.\n- **Astrophysics**: Classifying celestial objects, detecting exoplanets, analyzing the interstellar medium.\n\n\n### References\n\n1. Springer, \"Deep Learning: A Comprehensive Overview on Techniques and Applications\" (2021)\n2. Biostrand AI, \"AI, ML, DL, and NLP: An Overview\" (2022)\n3. NCBI, \"Introduction to Machine Learning, Neural Networks, and Deep Learning\" (2020)\n4. Clive Maxfield, \"What the FAQ are AI, ANNs, ML, DL, and DNNs?\" (n.d.)\n5. DataCamp, \"Introduction to Deep Neural Networks\" (n.d.)\n\n","srcMarkdownNoYaml":""},"formats":{"html":{"identifier":{"display-name":"HTML","target-format":"html","base-format":"html"},"execute":{"fig-width":7,"fig-height":5,"fig-format":"retina","fig-dpi":96,"df-print":"default","error":false,"eval":true,"cache":null,"freeze":false,"echo":true,"output":true,"warning":true,"include":true,"keep-md":false,"keep-ipynb":false,"ipynb":null,"enabled":null,"daemon":null,"daemon-restart":false,"debug":false,"ipynb-filters":[],"ipynb-shell-interactivity":null,"plotly-connected":true,"engine":"markdown"},"render":{"keep-tex":false,"keep-typ":false,"keep-source":false,"keep-hidden":false,"prefer-html":false,"output-divs":true,"output-ext":"html","fig-align":"default","fig-pos":null,"fig-env":null,"code-fold":"none","code-overflow":"scroll","code-link":false,"code-line-numbers":false,"code-tools":false,"tbl-colwidths":"auto","merge-includes":true,"inline-includes":false,"preserve-yaml":false,"latex-auto-mk":true,"latex-auto-install":true,"latex-clean":true,"latex-min-runs":1,"latex-max-runs":10,"latex-makeindex":"makeindex","latex-makeindex-opts":[],"latex-tlmgr-opts":[],"latex-input-paths":[],"latex-output-dir":null,"link-external-icon":false,"link-external-newwindow":false,"self-contained-math":false,"format-resources":[],"notebook-links":true},"pandoc":{"standalone":true,"wrap":"none","default-image-extension":"png","to":"html","css":["styles.css"],"toc":true,"output-file":"index.html"},"language":{"toc-title-document":"Table of contents","toc-title-website":"On this page","related-formats-title":"Other Formats","related-notebooks-title":"Notebooks","source-notebooks-prefix":"Source","other-links-title":"Other Links","code-links-title":"Code Links","launch-dev-container-title":"Launch Dev Container","launch-binder-title":"Launch Binder","article-notebook-label":"Article Notebook","notebook-preview-download":"Download Notebook","notebook-preview-download-src":"Download Source","notebook-preview-back":"Back to Article","manuscript-meca-bundle":"MECA Bundle","section-title-abstract":"Abstract","section-title-appendices":"Appendices","section-title-footnotes":"Footnotes","section-title-references":"References","section-title-reuse":"Reuse","section-title-copyright":"Copyright","section-title-citation":"Citation","appendix-attribution-cite-as":"For attribution, please cite this work as:","appendix-attribution-bibtex":"BibTeX citation:","title-block-author-single":"Author","title-block-author-plural":"Authors","title-block-affiliation-single":"Affiliation","title-block-affiliation-plural":"Affiliations","title-block-published":"Published","title-block-modified":"Modified","title-block-keywords":"Keywords","callout-tip-title":"Tip","callout-note-title":"Note","callout-warning-title":"Warning","callout-important-title":"Important","callout-caution-title":"Caution","code-summary":"Code","code-tools-menu-caption":"Code","code-tools-show-all-code":"Show All Code","code-tools-hide-all-code":"Hide All Code","code-tools-view-source":"View Source","code-tools-source-code":"Source Code","tools-share":"Share","tools-download":"Download","code-line":"Line","code-lines":"Lines","copy-button-tooltip":"Copy to Clipboard","copy-button-tooltip-success":"Copied!","repo-action-links-edit":"Edit this page","repo-action-links-source":"View source","repo-action-links-issue":"Report an issue","back-to-top":"Back to top","search-no-results-text":"No results","search-matching-documents-text":"matching documents","search-copy-link-title":"Copy link to search","search-hide-matches-text":"Hide additional matches","search-more-match-text":"more match in this document","search-more-matches-text":"more matches in this document","search-clear-button-title":"Clear","search-text-placeholder":"","search-detached-cancel-button-title":"Cancel","search-submit-button-title":"Submit","search-label":"Search","toggle-section":"Toggle section","toggle-sidebar":"Toggle sidebar navigation","toggle-dark-mode":"Toggle dark mode","toggle-reader-mode":"Toggle reader mode","toggle-navigation":"Toggle navigation","crossref-fig-title":"Figure","crossref-tbl-title":"Table","crossref-lst-title":"Listing","crossref-thm-title":"Theorem","crossref-lem-title":"Lemma","crossref-cor-title":"Corollary","crossref-prp-title":"Proposition","crossref-cnj-title":"Conjecture","crossref-def-title":"Definition","crossref-exm-title":"Example","crossref-exr-title":"Exercise","crossref-ch-prefix":"Chapter","crossref-apx-prefix":"Appendix","crossref-sec-prefix":"Section","crossref-eq-prefix":"Equation","crossref-lof-title":"List of Figures","crossref-lot-title":"List of Tables","crossref-lol-title":"List of Listings","environment-proof-title":"Proof","environment-remark-title":"Remark","environment-solution-title":"Solution","listing-page-order-by":"Order By","listing-page-order-by-default":"Default","listing-page-order-by-date-asc":"Oldest","listing-page-order-by-date-desc":"Newest","listing-page-order-by-number-desc":"High to Low","listing-page-order-by-number-asc":"Low to High","listing-page-field-date":"Date","listing-page-field-title":"Title","listing-page-field-description":"Description","listing-page-field-author":"Author","listing-page-field-filename":"File Name","listing-page-field-filemodified":"Modified","listing-page-field-subtitle":"Subtitle","listing-page-field-readingtime":"Reading Time","listing-page-field-wordcount":"Word Count","listing-page-field-categories":"Categories","listing-page-minutes-compact":"{0} min","listing-page-category-all":"All","listing-page-no-matches":"No matching items","listing-page-words":"{0} words"},"metadata":{"lang":"en","fig-responsive":true,"quarto-version":"1.4.553","editor":"visual","theme":"cosmo"},"extensions":{"book":{"multiFile":true}}}},"projectFormats":["html"]}