{"title":"Introduction to Neural Networks","markdown":{"headingText":"Introduction to Neural Networks","containsRefs":false,"markdown":"\nNeural networks are computational models inspired by the human brain. They consist of layers of interconnected nodes (neurons) where each connection has an associated weight. The basic flow in a neural network involves:\n\n1.  **Forward Propagation**: Input data passes through the network layers to produce an output.\n2.  **Loss Calculation**: The output is compared with the actual target to compute the loss.\n3.  **Backpropagation**: The network adjusts the weights to minimize the loss.\n\n### Layers in a Neural Network\n\nA neural network typically has:\n\n1.  **Input Layer**: Receives the input data.\n2.  **Hidden Layers**: Intermediate layers that process the inputs.\n3.  **Output Layer**: Produces the final output.\n\n### Activation Functions\n\nActivation functions introduce non-linearity into the network, allowing it to learn complex patterns. Common activation functions include:\n\n-   **ReLU (Rectified Linear Unit)**: ( f(x) = \\max(0, x) )\n-   **Sigmoid**: ( f(x) = \\frac{1}{1 + e^{-x}} )\n-   **Tanh**: ( f(x) = \\tanh(x) )\n\n### Forward Propagation\n\nDuring forward propagation, inputs pass through each layer and activation function to produce the final output.\n\n### Loss Function\n\nThe loss function measures the difference between the predicted output and the actual target. Common loss functions include:\n\n-   **Mean Squared Error (MSE)** for regression tasks.\n-   **Cross-Entropy Loss** for classification tasks.\n\n### Backpropagation\n\nBackpropagation updates the weights using the gradients of the loss function with respect to the weights.\n\n## Introduction to Neural Networks with PyTorch\n\nPyTorch is a popular open-source deep learning framework that offers a flexible and efficient platform for building and training neural networks. This guide introduces the basic concepts of neural networks, including forward propagation, different layers, activation functions, backpropagation, and loss functions, and demonstrates how to implement these concepts using PyTorch.\n\n``` python\nimport torch\nimport torch.nn as nn\nimport torch.optim as optim\nfrom sklearn.model_selection import train_test_split\n\n# Define a neural network with two hidden layers\nclass SimpleNN(nn.Module):\n    def __init__(self):\n        super(SimpleNN, self).__init__()\n        self.fc1 = nn.Linear(10, 50)  # First hidden layer\n        self.relu1 = nn.ReLU()\n        self.fc2 = nn.Linear(50, 50)  # Second hidden layer\n        self.relu2 = nn.ReLU()\n        self.fc3 = nn.Linear(50, 1)   # Output layer\n\n    def forward(self, x):\n        x = self.fc1(x)\n        x = self.relu1(x)\n        x = self.fc2(x)\n        x = self.relu2(x)\n        x = self.fc3(x)\n        return x\n\n# Instantiate the model\nmodel = SimpleNN()\n\n# Generate random input data and targets\ninputs = [torch.randn(10) for _ in range(1000)]\ntargets = [torch.tensor([1.0]) for _ in range(1000)]  # Example target\n\n# Split data into training and test sets\ntrain_inputs, test_inputs, train_targets, test_targets = train_test_split(inputs, targets, test_size=0.2)\n\n# Define a loss function and optimizer\ncriterion = nn.MSELoss()\noptimizer = optim.SGD(model.parameters(), lr=0.01)\n\n# Number of epochs\nnum_epochs = 10\n\n# Training loop\nfor epoch in range(num_epochs):\n    total_loss = 0\n    for input, target in zip(train_inputs, train_targets):\n        # Forward pass\n        output = model(input)\n        loss = criterion(output, target)\n        \n        # Backward pass and optimization\n        optimizer.zero_grad()\n        loss.backward()\n        optimizer.step()\n        \n        total_loss += loss.item()\n    \n    # Print average training loss\n    print(f'Epoch {epoch+1}/{num_epochs}, Training Loss: {total_loss/len(train_inputs)}')\n\n# Evaluate on test set\ntest_loss = 0\nwith torch.no_grad():  # No need to compute gradients for testing\n    for input, target in zip(test_inputs, test_targets):\n        output = model(input)\n        loss = criterion(output, target)\n        test_loss += loss.item()\n\n# Print average test loss\nprint(f'Average Test Loss: {test_loss/len(test_inputs)}')\n```\n\n### Loss Function and Optimization\n\nIn machine learning, the loss function (or cost function) measures how well the model's predictions match the actual target values. The goal of training a neural network is to minimize this loss function.\n\n### Local Minimum vs. Global Minimum\n\n-   **Global Minimum**: This is the lowest possible point of the loss function. If we reach this point, the model parameters are optimal, and the model performs best on the training data.\n-   **Local Minimum**: These are points where the loss function has a lower value than in its immediate vicinity, but not the lowest possible value. There can be multiple local minima.\n\n### Challenges with Local Minima\n\n-   **Trapped in Local Minima**: During training, the optimization algorithm might get trapped in a local minimum, preventing the model from reaching the global minimum.\n-   **Poor Generalization**: Models trained in local minima might not generalize well to unseen data.\n\n### Why Use the Adam Optimizer?\n\n![](images/0_yzu8rbl02p4JZSoG.gif)\n\nThe Adam (Adaptive Moment Estimation) optimizer is an advanced optimization algorithm that combines the benefits of two other extensions of stochastic gradient descent: Adaptive Gradient Algorithm (AdaGrad) and Root Mean Square Propagation (RMSProp). Here’s why Adam is beneficial:\n\n1.  **Adaptive Learning Rates**: Adam adjusts the learning rate for each parameter dynamically based on estimates of lower-order moments. This allows for efficient and effective training.\n2.  **Momentum**: Adam incorporates the concept of momentum, which helps to smooth out the update process by considering the past gradients, thus potentially avoiding local minima.\n3.  **Bias Correction**: Adam includes bias-correction mechanisms to ensure that the moment estimates are unbiased, particularly during the initial steps of training.\n4.  **Computational Efficiency**: Adam is computationally efficient and has low memory requirements, making it suitable for large-scale data and models.\n5.  **Robustness**: Adam works well with noisy data and sparse gradients, which are common in practical deep learning applications.\n\n\n### General Structure of Constructing and Training a Deep Learning Model\n\nHere are the general steps to build and train a deep learning model:\n\n1. **Define the Model Architecture**\n   - Specify the type of model (e.g., feedforward neural network, convolutional neural network).\n   - Define the number of layers and the type of each layer (e.g., fully connected, convolutional, dropout).\n   - Choose activation functions for each layer (e.g., ReLU, sigmoid).\n\n2. **Prepare the Data**\n   - Collect and preprocess the data (e.g., normalization, resizing, augmentation).\n   - Split the data into training, validation, and test sets.\n\n3. **Define the Loss Function and Optimizer**\n   - Choose a loss function appropriate for the task (e.g., cross-entropy for classification, mean squared error for regression).\n   - Select an optimization algorithm (e.g., SGD, Adam).\n\n4. **Implement the Training Loop**\n   - Initialize model parameters.\n   - For a specified number of epochs:\n     - **Forward Pass**: Pass the input data through the model to get the output.\n     - **Compute Loss**: Calculate the loss using the model's output and the actual target values.\n     - **Backward Pass**: Compute gradients by backpropagation.\n     - **Update Parameters**: Update the model's parameters using the optimizer.\n     - Optionally, compute and log metrics on the validation set to monitor training progress.\n\n5. **Evaluate the Model**\n   - After training, evaluate the model on the test set to assess its performance.\n\n6. **Fine-tune and Deploy**\n   - Fine-tune the model by adjusting hyperparameters, adding regularization, or using more advanced architectures.\n   - Once satisfied with the performance, deploy the model for inference on new data.\n\n","srcMarkdownNoYaml":""},"formats":{"html":{"identifier":{"display-name":"HTML","target-format":"html","base-format":"html"},"execute":{"fig-width":7,"fig-height":5,"fig-format":"retina","fig-dpi":96,"df-print":"default","error":false,"eval":true,"cache":null,"freeze":false,"echo":true,"output":true,"warning":true,"include":true,"keep-md":false,"keep-ipynb":false,"ipynb":null,"enabled":null,"daemon":null,"daemon-restart":false,"debug":false,"ipynb-filters":[],"ipynb-shell-interactivity":null,"plotly-connected":true,"engine":"markdown"},"render":{"keep-tex":false,"keep-typ":false,"keep-source":false,"keep-hidden":false,"prefer-html":false,"output-divs":true,"output-ext":"html","fig-align":"default","fig-pos":null,"fig-env":null,"code-fold":"none","code-overflow":"scroll","code-link":false,"code-line-numbers":false,"code-tools":false,"tbl-colwidths":"auto","merge-includes":true,"inline-includes":false,"preserve-yaml":false,"latex-auto-mk":true,"latex-auto-install":true,"latex-clean":true,"latex-min-runs":1,"latex-max-runs":10,"latex-makeindex":"makeindex","latex-makeindex-opts":[],"latex-tlmgr-opts":[],"latex-input-paths":[],"latex-output-dir":null,"link-external-icon":false,"link-external-newwindow":false,"self-contained-math":false,"format-resources":[],"notebook-links":true},"pandoc":{"standalone":true,"wrap":"none","default-image-extension":"png","to":"html","css":["styles.css"],"toc":true,"output-file":"intro_pytorch.html"},"language":{"toc-title-document":"Table of contents","toc-title-website":"On this page","related-formats-title":"Other Formats","related-notebooks-title":"Notebooks","source-notebooks-prefix":"Source","other-links-title":"Other Links","code-links-title":"Code Links","launch-dev-container-title":"Launch Dev Container","launch-binder-title":"Launch Binder","article-notebook-label":"Article Notebook","notebook-preview-download":"Download Notebook","notebook-preview-download-src":"Download Source","notebook-preview-back":"Back to Article","manuscript-meca-bundle":"MECA Bundle","section-title-abstract":"Abstract","section-title-appendices":"Appendices","section-title-footnotes":"Footnotes","section-title-references":"References","section-title-reuse":"Reuse","section-title-copyright":"Copyright","section-title-citation":"Citation","appendix-attribution-cite-as":"For attribution, please cite this work as:","appendix-attribution-bibtex":"BibTeX citation:","title-block-author-single":"Author","title-block-author-plural":"Authors","title-block-affiliation-single":"Affiliation","title-block-affiliation-plural":"Affiliations","title-block-published":"Published","title-block-modified":"Modified","title-block-keywords":"Keywords","callout-tip-title":"Tip","callout-note-title":"Note","callout-warning-title":"Warning","callout-important-title":"Important","callout-caution-title":"Caution","code-summary":"Code","code-tools-menu-caption":"Code","code-tools-show-all-code":"Show All Code","code-tools-hide-all-code":"Hide All Code","code-tools-view-source":"View Source","code-tools-source-code":"Source Code","tools-share":"Share","tools-download":"Download","code-line":"Line","code-lines":"Lines","copy-button-tooltip":"Copy to Clipboard","copy-button-tooltip-success":"Copied!","repo-action-links-edit":"Edit this page","repo-action-links-source":"View source","repo-action-links-issue":"Report an issue","back-to-top":"Back to top","search-no-results-text":"No results","search-matching-documents-text":"matching documents","search-copy-link-title":"Copy link to search","search-hide-matches-text":"Hide additional matches","search-more-match-text":"more match in this document","search-more-matches-text":"more matches in this document","search-clear-button-title":"Clear","search-text-placeholder":"","search-detached-cancel-button-title":"Cancel","search-submit-button-title":"Submit","search-label":"Search","toggle-section":"Toggle section","toggle-sidebar":"Toggle sidebar navigation","toggle-dark-mode":"Toggle dark mode","toggle-reader-mode":"Toggle reader mode","toggle-navigation":"Toggle navigation","crossref-fig-title":"Figure","crossref-tbl-title":"Table","crossref-lst-title":"Listing","crossref-thm-title":"Theorem","crossref-lem-title":"Lemma","crossref-cor-title":"Corollary","crossref-prp-title":"Proposition","crossref-cnj-title":"Conjecture","crossref-def-title":"Definition","crossref-exm-title":"Example","crossref-exr-title":"Exercise","crossref-ch-prefix":"Chapter","crossref-apx-prefix":"Appendix","crossref-sec-prefix":"Section","crossref-eq-prefix":"Equation","crossref-lof-title":"List of Figures","crossref-lot-title":"List of Tables","crossref-lol-title":"List of Listings","environment-proof-title":"Proof","environment-remark-title":"Remark","environment-solution-title":"Solution","listing-page-order-by":"Order By","listing-page-order-by-default":"Default","listing-page-order-by-date-asc":"Oldest","listing-page-order-by-date-desc":"Newest","listing-page-order-by-number-desc":"High to Low","listing-page-order-by-number-asc":"Low to High","listing-page-field-date":"Date","listing-page-field-title":"Title","listing-page-field-description":"Description","listing-page-field-author":"Author","listing-page-field-filename":"File Name","listing-page-field-filemodified":"Modified","listing-page-field-subtitle":"Subtitle","listing-page-field-readingtime":"Reading Time","listing-page-field-wordcount":"Word Count","listing-page-field-categories":"Categories","listing-page-minutes-compact":"{0} min","listing-page-category-all":"All","listing-page-no-matches":"No matching items","listing-page-words":"{0} words"},"metadata":{"lang":"en","fig-responsive":true,"quarto-version":"1.4.553","editor":"visual","theme":"cosmo"},"extensions":{"book":{"multiFile":true}}}},"projectFormats":["html"]}